speed,weather,vehicle_type,road_condition,visibility,time_of_day,traffic_density,severity
57.454011884736246,Fog,Bus,Damaged,Poor,Morning,Low,Major
115.07143064099162,Snow,Truck,Icy,Poor,Evening,Low,Fatal
93.1993941811405,Rain,Truck,Icy,Poor,Afternoon,Low,Fatal
79.86584841970367,Snow,Bus,Icy,Poor,Night,Medium,Fatal
35.601864044243655,Snow,Car,Damaged,Poor,Night,High,Major
35.59945203362027,Fog,Car,Wet,Good,Night,Low,Major
25.808361216819947,Snow,Truck,Damaged,Poor,Evening,High,Major
106.61761457749351,Fog,Car,Wet,Poor,Morning,High,Fatal
80.11150117432088,Clear,Bus,Damaged,Good,Evening,Medium,Major
90.80725777960456,Clear,Car,Damaged,Good,Evening,Low,Major
22.058449429580243,Fog,Truck,Wet,Good,Afternoon,High,Major
116.99098521619943,Clear,Bus,Icy,Good,Afternoon,Low,Major
103.24426408004217,Rain,Car,Wet,Good,Afternoon,Low,Fatal
41.23391106782762,Snow,Motorcycle,Dry,Good,Morning,Medium,Minor
38.18249672071006,Rain,Bus,Dry,Poor,Morning,Low,Major
38.34045098534338,Snow,Bus,Wet,Poor,Afternoon,Low,Major
50.42422429595377,Clear,Motorcycle,Damaged,Moderate,Afternoon,High,Minor
72.4756431632238,Rain,Motorcycle,Dry,Poor,Morning,Medium,Major
63.194501864211574,Clear,Bus,Dry,Poor,Night,Low,Minor
49.12291401980419,Snow,Motorcycle,Damaged,Good,Morning,High,Major
81.18528947223794,Fog,Truck,Damaged,Good,Morning,Medium,Major
33.94938606520418,Fog,Truck,Icy,Poor,Morning,Medium,Major
49.21446485352182,Rain,Truck,Damaged,Moderate,Afternoon,High,Major
56.63618432936917,Clear,Bus,Wet,Good,Night,High,Major
65.6069984217036,Clear,Motorcycle,Wet,Poor,Morning,High,Major
98.51759613930136,Rain,Motorcycle,Icy,Poor,Afternoon,High,Fatal
39.96737821583598,Fog,Car,Dry,Moderate,Evening,High,Major
71.42344384136116,Snow,Car,Dry,Moderate,Evening,Low,Minor
79.24145688620425,Rain,Motorcycle,Damaged,Good,Morning,Low,Minor
24.645041271999773,Snow,Motorcycle,Wet,Moderate,Evening,Medium,Major
80.75448519014384,Fog,Motorcycle,Dry,Poor,Night,Low,Fatal
37.05241236872915,Clear,Bus,Icy,Poor,Evening,Low,Major
26.50515929852795,Fog,Motorcycle,Icy,Moderate,Evening,Low,Major
114.88855372533332,Rain,Car,Wet,Moderate,Night,High,Fatal
116.56320330745594,Clear,Bus,Icy,Moderate,Morning,Medium,Major
100.83973481164611,Rain,Motorcycle,Icy,Moderate,Morning,Medium,Fatal
50.46137691733707,Rain,Car,Wet,Good,Night,Medium,Major
29.767211400638388,Fog,Bus,Damaged,Moderate,Night,Medium,Major
88.42330265121569,Rain,Motorcycle,Damaged,Good,Night,Low,Fatal
64.01524937396013,Fog,Motorcycle,Icy,Poor,Evening,Low,Major
32.20382348447788,Clear,Motorcycle,Damaged,Moderate,Night,High,Minor
69.51769101112703,Fog,Bus,Damaged,Good,Afternoon,Medium,Minor
23.43885211152184,Clear,Car,Icy,Moderate,Evening,Low,Minor
110.9320402078782,Fog,Car,Damaged,Poor,Morning,Low,Fatal
45.877998160001695,Snow,Truck,Icy,Poor,Morning,High,Fatal
86.2522284353982,Snow,Motorcycle,Dry,Poor,Morning,High,Fatal
51.1711076089411,Rain,Truck,Wet,Moderate,Evening,High,Major
72.00680211778108,Fog,Truck,Wet,Moderate,Afternoon,Low,Major
74.67102793432797,Fog,Car,Damaged,Good,Night,Low,Major
38.485445552552704,Clear,Bus,Damaged,Poor,Night,High,Major
116.95846277645586,Rain,Bus,Damaged,Moderate,Morning,Medium,Major
97.51328233611146,Fog,Car,Wet,Poor,Morning,High,Fatal
113.9498941564189,Rain,Bus,Dry,Poor,Evening,High,Fatal
109.48273504276489,Snow,Truck,Dry,Good,Afternoon,High,Fatal
79.78999788110852,Fog,Motorcycle,Wet,Good,Night,High,Major
112.18742350231169,Fog,Car,Dry,Good,Evening,Low,Major
28.84925020519195,Rain,Motorcycle,Wet,Good,Night,Medium,Major
39.59828624191452,Fog,Bus,Dry,Poor,Morning,High,Major
24.522728891053806,Rain,Motorcycle,Icy,Good,Night,Medium,Major
52.53303307632643,Fog,Bus,Icy,Good,Afternoon,Medium,Major
58.8677289689482,Clear,Bus,Wet,Good,Afternoon,Medium,Minor
47.13490317738959,Rain,Truck,Dry,Good,Morning,High,Major
102.87375091519293,Fog,Bus,Damaged,Poor,Afternoon,Low,Fatal
55.67533266935893,Snow,Truck,Dry,Good,Afternoon,High,Major
48.093450968738075,Fog,Truck,Icy,Poor,Evening,Medium,Major
74.26960831582485,Snow,Truck,Icy,Moderate,Night,Medium,Major
34.092422497476264,Snow,Car,Dry,Poor,Morning,Low,Major
100.21969807540397,Clear,Car,Dry,Poor,Morning,High,Major
27.45506436797708,Rain,Bus,Damaged,Good,Morning,Medium,Minor
118.68869366005173,Fog,Truck,Damaged,Moderate,Morning,Low,Major
97.22447692966574,Clear,Car,Dry,Moderate,Morning,Medium,Major
39.87156815341724,Fog,Truck,Dry,Moderate,Afternoon,Low,Minor
20.55221171236024,Snow,Motorcycle,Dry,Moderate,Evening,Low,Minor
101.54614284548342,Rain,Motorcycle,Dry,Poor,Morning,High,Fatal
90.68573438476172,Fog,Motorcycle,Wet,Moderate,Evening,Medium,Fatal
92.90071680409874,Fog,Bus,Dry,Poor,Evening,High,Fatal
97.12703466859458,Snow,Truck,Damaged,Poor,Afternoon,Medium,Fatal
27.404465173409037,Fog,Motorcycle,Icy,Poor,Morning,High,Fatal
55.84657285442726,Fog,Car,Wet,Moderate,Afternoon,Medium,Major
31.58690595251297,Snow,Motorcycle,Dry,Good,Morning,High,Major
106.31034258755935,Clear,Motorcycle,Icy,Good,Afternoon,Low,Major
82.3298126827558,Snow,Motorcycle,Wet,Moderate,Evening,Medium,Fatal
53.08980248526492,Clear,Bus,Icy,Good,Morning,Medium,Minor
26.355835028602364,Rain,Car,Dry,Good,Night,Low,Major
51.098232171566224,Clear,Truck,Dry,Poor,Evening,High,Minor
52.518332202674706,Clear,Car,Damaged,Poor,Night,Medium,Minor
92.96061783380641,Rain,Truck,Dry,Moderate,Evening,Medium,Major
83.75574713552132,Clear,Bus,Dry,Moderate,Afternoon,High,Major
108.72127425763266,Snow,Bus,Wet,Good,Morning,Low,Fatal
67.22149251619493,Clear,Bus,Damaged,Poor,Evening,High,Minor
31.95942459383017,Rain,Bus,Wet,Moderate,Afternoon,High,Major
91.3244787222995,Snow,Truck,Icy,Moderate,Morning,High,Fatal
96.07850486168974,Rain,Motorcycle,Dry,Moderate,Morning,Medium,Major
76.12771975694963,Rain,Truck,Icy,Moderate,Evening,Low,Major
97.0967179954561,Fog,Car,Wet,Moderate,Morning,Low,Fatal
69.37955963643907,Fog,Bus,Dry,Moderate,Evening,High,Major
72.2732829381994,Rain,Bus,Dry,Good,Morning,Medium,Minor
62.75410183585496,Rain,Car,Wet,Poor,Night,High,Fatal
22.54191267440952,Rain,Truck,Wet,Poor,Afternoon,Medium,Major
30.789142699330444,Fog,Motorcycle,Wet,Moderate,Night,Medium,Major
23.142918568673426,Fog,Motorcycle,Wet,Poor,Evening,Medium,Major
83.64104112637804,Clear,Car,Wet,Poor,Night,Medium,Fatal
51.43559810763267,Clear,Motorcycle,Dry,Poor,Evening,Low,Minor
70.85706911647029,Rain,Truck,Wet,Moderate,Morning,Medium,Major
110.7566473926093,Snow,Truck,Dry,Moderate,Morning,Medium,Major
44.92922291488749,Snow,Car,Dry,Poor,Evening,High,Major
61.038292303562976,Fog,Truck,Wet,Poor,Night,High,Fatal
95.55511385430486,Fog,Bus,Wet,Moderate,Morning,Low,Fatal
42.87981654916224,Fog,Car,Damaged,Good,Afternoon,High,Major
27.697990982879297,Rain,Truck,Dry,Poor,Morning,Medium,Major
48.975145291376805,Snow,Car,Wet,Good,Afternoon,High,Major
36.122128725400444,Clear,Motorcycle,Wet,Poor,Night,Low,Major
112.96976523425731,Rain,Truck,Wet,Good,Afternoon,High,Fatal
100.8120379564417,Clear,Bus,Damaged,Good,Afternoon,High,Major
83.34037565104234,Clear,Truck,Damaged,Good,Afternoon,Low,Major
107.14605901877177,Rain,Car,Icy,Moderate,Afternoon,Low,Fatal
100.36720768991145,Clear,Car,Dry,Good,Morning,Medium,Major
38.657005888603585,Snow,Truck,Icy,Good,Afternoon,High,Major
109.25589984899777,Clear,Bus,Wet,Good,Morning,Medium,Major
73.93422419156508,Snow,Bus,Damaged,Poor,Afternoon,High,Major
100.74401551640625,Snow,Bus,Damaged,Good,Evening,High,Fatal
109.60912999234932,Snow,Car,Icy,Poor,Night,Medium,Fatal
51.80034749718639,Fog,Truck,Damaged,Good,Afternoon,High,Major
31.005192452767677,Clear,Motorcycle,Wet,Good,Evening,High,Minor
42.79351625419417,Rain,Car,Damaged,Moderate,Afternoon,High,Major
62.71077886262563,Rain,Bus,Icy,Poor,Afternoon,Low,Major
101.80147659224932,Clear,Truck,Wet,Good,Afternoon,Medium,Major
106.07305832563435,Fog,Bus,Icy,Poor,Evening,Low,Fatal
20.69521305311907,Fog,Motorcycle,Damaged,Poor,Night,Medium,Major
71.07473025775657,Snow,Bus,Icy,Moderate,Evening,Medium,Major
61.7411003148779,Clear,Bus,Icy,Moderate,Night,High,Major
42.21078104707303,Clear,Motorcycle,Dry,Moderate,Afternoon,Medium,Minor
31.986536733368283,Rain,Truck,Damaged,Moderate,Morning,Low,Minor
53.7615171403628,Clear,Car,Damaged,Moderate,Afternoon,Low,Minor
114.29097039125192,Fog,Truck,Icy,Moderate,Night,Low,Fatal
52.320293202075526,Clear,Motorcycle,Dry,Moderate,Evening,Medium,Minor
71.87906217433661,Rain,Bus,Damaged,Moderate,Afternoon,Low,Minor
90.30189588951778,Snow,Truck,Wet,Good,Evening,Medium,Fatal
56.3629602379294,Rain,Car,Icy,Poor,Evening,Low,Major
117.17820827209607,Rain,Motorcycle,Damaged,Moderate,Evening,Low,Major
116.24472949421113,Snow,Truck,Wet,Moderate,Afternoon,Medium,Fatal
45.17822958253642,Rain,Car,Damaged,Poor,Evening,Low,Major
69.72485058923854,Rain,Motorcycle,Wet,Good,Evening,High,Major
50.087830981676966,Clear,Car,Icy,Poor,Afternoon,Medium,Major
48.48404943774676,Clear,Motorcycle,Damaged,Poor,Evening,Medium,Minor
23.68869473545328,Snow,Bus,Damaged,Moderate,Afternoon,Medium,Minor
80.95643339798968,Clear,Truck,Dry,Poor,Night,High,Fatal
70.26790232288616,Clear,Car,Icy,Poor,Night,Medium,Major
25.147875124998933,Rain,Motorcycle,Wet,Moderate,Night,Low,Major
47.86464642366114,Fog,Car,Damaged,Moderate,Evening,Low,Minor
110.82658859666537,Clear,Car,Damaged,Moderate,Morning,Low,Major
43.95618906669724,Fog,Truck,Wet,Moderate,Morning,Medium,Major
34.48948720912231,Clear,Bus,Icy,Poor,Evening,Low,Major
68.94527602775631,Clear,Car,Dry,Poor,Morning,Medium,Minor
118.56504541106007,Snow,Motorcycle,Dry,Good,Afternoon,Low,Major
44.20552715115004,Snow,Motorcycle,Damaged,Good,Morning,High,Major
87.21355474058785,Snow,Bus,Wet,Poor,Evening,High,Fatal
96.16196153287176,Fog,Motorcycle,Damaged,Good,Evening,High,Fatal
43.76375439923997,Rain,Bus,Wet,Poor,Afternoon,High,Fatal
92.82163486118596,Clear,Motorcycle,Dry,Good,Night,Medium,Major
56.77831327192532,Clear,Truck,Icy,Moderate,Evening,Low,Minor
83.23058305935794,Clear,Car,Wet,Good,Afternoon,High,Major
83.35297107608946,Fog,Truck,Dry,Moderate,Morning,Medium,Major
73.57746840747585,Snow,Car,Damaged,Moderate,Morning,High,Major
29.02897700544083,Rain,Car,Wet,Moderate,Afternoon,High,Major
103.5302495589238,Fog,Car,Icy,Moderate,Afternoon,Medium,Fatal
52.07800649717358,Snow,Truck,Damaged,Good,Evening,Medium,Minor
38.651851039985424,Fog,Car,Damaged,Poor,Morning,Low,Major
24.077514155476393,Rain,Truck,Dry,Moderate,Afternoon,Low,Minor
79.08929431882419,Snow,Bus,Wet,Good,Morning,High,Major
87.75643618422824,Fog,Motorcycle,Damaged,Moderate,Afternoon,High,Fatal
21.658782892785617,Rain,Motorcycle,Icy,Good,Morning,Low,Major
71.2093058299281,Clear,Car,Wet,Good,Night,Low,Minor
42.649577519793795,Rain,Truck,Icy,Good,Evening,Medium,Major
84.51727904094498,Clear,Motorcycle,Damaged,Poor,Morning,Low,Major
37.436642900499145,Fog,Truck,Icy,Good,Night,Low,Major
89.09377381024659,Snow,Truck,Dry,Good,Morning,High,Fatal
58.67353463005374,Snow,Car,Icy,Poor,Morning,Low,Major
113.67299887367345,Fog,Motorcycle,Wet,Poor,Night,High,Fatal
33.75209441459933,Snow,Car,Icy,Good,Morning,Low,Major
54.10663510502585,Snow,Car,Icy,Poor,Morning,Medium,Major
31.347352124058908,Clear,Motorcycle,Dry,Moderate,Evening,Low,Minor
112.46936182785628,Fog,Motorcycle,Icy,Moderate,Night,Low,Fatal
107.7339353380981,Rain,Bus,Icy,Poor,Night,Low,Fatal
45.79416277151556,Clear,Bus,Damaged,Poor,Afternoon,High,Minor
85.99840460341791,Fog,Truck,Damaged,Good,Morning,Medium,Major
101.72222002012158,Clear,Motorcycle,Wet,Poor,Evening,Low,Fatal
75.52008115994623,Rain,Bus,Damaged,Good,Morning,High,Major
72.96505783560065,Rain,Truck,Damaged,Moderate,Morning,Medium,Minor
44.18522909004517,Fog,Truck,Damaged,Poor,Afternoon,High,Major
29.310276780589923,Rain,Truck,Damaged,Good,Morning,High,Major
109.72157579533267,Clear,Bus,Dry,Good,Evening,Medium,Major
110.04180571633304,Rain,Motorcycle,Damaged,Moderate,Evening,Low,Major
83.31014572732678,Clear,Car,Dry,Poor,Afternoon,High,Major
53.90297910487007,Clear,Truck,Dry,Moderate,Morning,High,Minor
54.92095746126609,Rain,Bus,Damaged,Good,Evening,Low,Minor
92.59556788702393,Fog,Bus,Icy,Good,Morning,Low,Fatal
109.71102599525771,Snow,Car,Dry,Poor,Morning,Medium,Fatal
108.70864242651173,Rain,Car,Icy,Good,Morning,Medium,Fatal
97.98755458576238,Clear,Bus,Icy,Poor,Afternoon,Medium,Fatal
84.20316461542878,Clear,Motorcycle,Damaged,Moderate,Morning,Low,Major
28.413996499504883,Rain,Car,Wet,Poor,Evening,High,Fatal
36.162871409461374,Fog,Bus,Damaged,Poor,Morning,High,Major
109.85541885270793,Fog,Car,Wet,Good,Evening,Medium,Fatal
80.64290596595899,Clear,Motorcycle,Wet,Good,Morning,Low,Major
20.919705161662964,Clear,Truck,Damaged,Poor,Evening,High,Minor
30.14715428660321,Fog,Car,Damaged,Good,Evening,Medium,Minor
86.35017691080559,Snow,Motorcycle,Wet,Good,Morning,High,Fatal
20.50615838462187,Rain,Bus,Damaged,Good,Morning,High,Major
36.08080514174986,Clear,Car,Wet,Poor,Evening,Low,Major
74.87337893665861,Clear,Car,Icy,Good,Night,Low,Minor
89.18951976926932,Fog,Bus,Damaged,Poor,Afternoon,High,Fatal
85.19612595026005,Rain,Truck,Icy,Good,Night,Medium,Fatal
42.426930946055975,Fog,Bus,Dry,Moderate,Night,Low,Major
91.2179221347536,Rain,Car,Icy,Good,Morning,High,Fatal
43.72490874968001,Rain,Bus,Icy,Good,Afternoon,Low,Major
52.539969815926774,Rain,Motorcycle,Wet,Poor,Night,Low,Fatal
94.64914051180241,Clear,Bus,Icy,Poor,Morning,Low,Fatal
84.96328990472146,Snow,Car,Damaged,Good,Night,High,Fatal
104.9223410494178,Fog,Bus,Wet,Moderate,Night,Medium,Fatal
85.76128923003434,Snow,Truck,Dry,Good,Morning,Medium,Major
76.83086033354716,Fog,Bus,Damaged,Good,Morning,Medium,Minor
29.36747678280925,Rain,Truck,Dry,Moderate,Morning,Low,Minor
56.77158030594335,Clear,Motorcycle,Icy,Poor,Afternoon,High,Major
46.520236768172545,Snow,Truck,Damaged,Good,Night,Low,Major
44.39896433790835,Clear,Bus,Damaged,Poor,Morning,Medium,Minor
117.30105547524455,Fog,Car,Dry,Poor,Evening,Medium,Fatal
59.30977246667604,Clear,Truck,Damaged,Moderate,Night,High,Minor
109.20465551771133,Clear,Motorcycle,Damaged,Moderate,Evening,Low,Major
83.11386259972629,Snow,Truck,Damaged,Poor,Afternoon,Medium,Fatal
99.48113035416485,Rain,Truck,Icy,Good,Morning,High,Fatal
70.2637093105192,Clear,Truck,Dry,Poor,Evening,Low,Minor
77.69038846263591,Rain,Motorcycle,Damaged,Good,Afternoon,Low,Minor
69.25176938188639,Fog,Bus,Wet,Good,Morning,Medium,Major
39.524298779804454,Clear,Truck,Wet,Moderate,Evening,Medium,Minor
92.24521152615053,Snow,Truck,Wet,Good,Evening,Low,Fatal
48.07723624408558,Fog,Car,Wet,Good,Afternoon,Low,Major
22.431596643145383,Fog,Motorcycle,Icy,Poor,Morning,Medium,Major
84.54722959071678,Snow,Truck,Damaged,Moderate,Morning,Low,Major
37.71106794070489,Clear,Motorcycle,Dry,Good,Evening,Medium,Minor
114.04585843529144,Clear,Truck,Damaged,Good,Evening,Low,Major
115.39285770025873,Fog,Bus,Icy,Moderate,Evening,Medium,Fatal
111.48643902204485,Clear,Bus,Wet,Poor,Morning,High,Fatal
57.01587002554444,Rain,Truck,Icy,Moderate,Afternoon,Medium,Major
21.545661652886743,Snow,Bus,Damaged,Moderate,Afternoon,Medium,Minor
112.83185625877253,Rain,Truck,Dry,Good,Morning,High,Fatal
62.81841483173143,Clear,Bus,Icy,Good,Night,Low,Minor
116.66548190436696,Fog,Car,Dry,Poor,Afternoon,High,Fatal
116.36199770892529,Snow,Car,Icy,Good,Evening,Medium,Fatal
105.300945546736,Clear,Car,Dry,Good,Night,Low,Major
49.444889206958564,Clear,Motorcycle,Dry,Moderate,Night,High,Minor
58.50977286019253,Fog,Motorcycle,Wet,Good,Afternoon,Low,Major
105.11366715168569,Fog,Car,Dry,Poor,Night,Low,Fatal
51.69220051562777,Rain,Motorcycle,Wet,Moderate,Night,High,Major
36.94927466860925,Snow,Bus,Damaged,Poor,Afternoon,Low,Major
75.68012624583501,Snow,Truck,Damaged,Moderate,Afternoon,High,Major
113.6154774160781,Fog,Truck,Wet,Good,Night,Medium,Fatal
89.6029796674973,Rain,Truck,Wet,Moderate,Evening,Low,Fatal
77.0061170089365,Snow,Car,Icy,Moderate,Morning,Medium,Major
29.717649377076853,Fog,Motorcycle,Icy,Good,Night,Medium,Major
81.50072266991697,Clear,Bus,Icy,Good,Night,Low,Major
119.00538501042632,Snow,Bus,Damaged,Poor,Evening,High,Fatal
34.0084015236524,Rain,Car,Icy,Poor,Night,Low,Fatal
71.83296523637367,Rain,Bus,Dry,Good,Night,Medium,Major
107.73730719279554,Rain,Bus,Dry,Good,Morning,Medium,Major
94.07686177542044,Clear,Bus,Icy,Good,Morning,High,Major
89.7015740995268,Snow,Bus,Dry,Moderate,Morning,Low,Major
90.24840839871092,Snow,Motorcycle,Damaged,Moderate,Afternoon,Medium,Major
55.94911512197552,Clear,Bus,Dry,Moderate,Afternoon,Medium,Minor
49.35918442644933,Snow,Truck,Damaged,Good,Morning,Medium,Minor
100.93611554785136,Clear,Car,Wet,Poor,Morning,High,Fatal
101.01133946791808,Clear,Motorcycle,Wet,Good,Afternoon,Medium,Major
106.70723185801037,Clear,Bus,Wet,Moderate,Evening,Medium,Major
111.32405525564712,Rain,Motorcycle,Wet,Moderate,Night,Low,Fatal
71.13423988609378,Snow,Bus,Dry,Good,Night,Low,Major
70.15162946871996,Clear,Truck,Icy,Good,Morning,Medium,Minor
99.82951789667752,Snow,Car,Dry,Moderate,Evening,Medium,Major
84.99639307777652,Rain,Bus,Damaged,Moderate,Afternoon,Low,Major
90.19668772577033,Clear,Bus,Dry,Moderate,Morning,High,Major
99.57926694361011,Fog,Bus,Dry,Good,Evening,High,Fatal
109.00053418175663,Rain,Bus,Damaged,Moderate,Evening,High,Fatal
53.79951568515358,Fog,Car,Wet,Moderate,Evening,High,Major
57.5582952639944,Snow,Car,Wet,Poor,Afternoon,High,Fatal
29.3981939840869,Snow,Truck,Wet,Good,Afternoon,High,Major
77.8280140996174,Rain,Car,Icy,Poor,Night,High,Fatal
23.59422737967421,Snow,Bus,Damaged,Poor,Night,High,Major
66.55980181324603,Fog,Truck,Damaged,Moderate,Evening,Low,Minor
74.26446347075766,Clear,Truck,Dry,Good,Evening,High,Minor
48.65412521282844,Clear,Truck,Icy,Moderate,Afternoon,High,Minor
79.08332605690107,Clear,Bus,Wet,Good,Night,High,Major
23.05002499390494,Rain,Motorcycle,Icy,Poor,Evening,Medium,Major
23.73481887492144,Snow,Bus,Damaged,Good,Night,Low,Major
102.26005606596583,Fog,Car,Damaged,Moderate,Night,Low,Fatal
56.019064141126286,Snow,Car,Dry,Moderate,Evening,Low,Minor
32.70605126518848,Snow,Bus,Dry,Moderate,Afternoon,High,Major
72.22432600548044,Snow,Bus,Damaged,Good,Evening,High,Major
96.99935530986109,Clear,Truck,Wet,Poor,Evening,Medium,Fatal
41.58210274968432,Fog,Bus,Wet,Poor,Night,Low,Fatal
82.28904758190004,Fog,Truck,Icy,Good,Evening,High,Fatal
28.5347464993768,Snow,Car,Damaged,Moderate,Afternoon,Low,Minor
25.16817211686077,Clear,Truck,Damaged,Poor,Evening,Medium,Minor
73.13546315681481,Clear,Bus,Wet,Moderate,Afternoon,Medium,Minor
74.06351216101065,Fog,Car,Wet,Good,Afternoon,Medium,Major
83.74299014982066,Clear,Motorcycle,Damaged,Moderate,Night,Low,Major
92.60913337226616,Clear,Truck,Dry,Poor,Morning,High,Major
117.58520794625346,Clear,Car,Damaged,Poor,Morning,High,Major
71.63003483011954,Rain,Truck,Damaged,Moderate,Night,Medium,Major
52.2956472941246,Snow,Car,Wet,Good,Evening,High,Major
99.51861947687037,Fog,Car,Wet,Moderate,Night,Medium,Fatal
47.083225126207424,Fog,Truck,Dry,Good,Afternoon,Low,Minor
63.89714207056361,Rain,Motorcycle,Dry,Moderate,Morning,Medium,Minor
27.845638134226597,Snow,Car,Icy,Poor,Night,Low,Fatal
22.53507434154575,Fog,Car,Damaged,Good,Evening,Medium,Minor
116.26484146779251,Clear,Car,Wet,Good,Night,High,Fatal
103.59801205122058,Fog,Motorcycle,Dry,Good,Morning,High,Fatal
89.59742060936979,Clear,Motorcycle,Icy,Poor,Night,Medium,Fatal
60.89529444142699,Rain,Bus,Icy,Moderate,Night,High,Major
37.32943200708458,Clear,Truck,Wet,Poor,Morning,High,Major
35.6437042671086,Fog,Motorcycle,Wet,Good,Afternoon,High,Major
45.02428981645953,Fog,Truck,Icy,Moderate,Afternoon,Low,Major
74.92266647061206,Fog,Bus,Dry,Poor,Morning,High,Major
91.45959227000624,Rain,Truck,Icy,Good,Night,Low,Fatal
86.01973767177313,Rain,Motorcycle,Damaged,Good,Morning,Medium,Major
47.993389694594285,Snow,Truck,Damaged,Poor,Afternoon,High,Major
115.48652806631941,Fog,Motorcycle,Wet,Poor,Evening,High,Fatal
93.78969166957685,Clear,Truck,Dry,Poor,Night,High,Fatal
75.43540525114007,Rain,Motorcycle,Dry,Good,Afternoon,Medium,Minor
81.17207462343522,Fog,Motorcycle,Damaged,Poor,Night,Low,Fatal
61.96000624277899,Fog,Truck,Icy,Good,Morning,Low,Major
44.773098950115745,Rain,Bus,Wet,Poor,Evening,High,Fatal
55.597267865126156,Snow,Car,Icy,Good,Morning,Medium,Major
95.78461104643691,Rain,Bus,Icy,Good,Evening,Medium,Fatal
21.439348862975585,Rain,Truck,Icy,Moderate,Night,Medium,Major
31.607264050691626,Clear,Bus,Dry,Poor,Night,Medium,Minor
24.600264202175275,Clear,Motorcycle,Damaged,Poor,Morning,Medium,Minor
24.072880231897013,Snow,Car,Dry,Good,Evening,Low,Minor
105.54605840110072,Fog,Truck,Damaged,Good,Evening,Low,Major
90.36578593800236,Rain,Truck,Wet,Good,Night,Low,Fatal
67.41738290873252,Snow,Truck,Wet,Moderate,Morning,High,Major
29.78341606510015,Clear,Car,Icy,Moderate,Evening,Medium,Minor
69.16158751168324,Rain,Motorcycle,Damaged,Good,Night,High,Major
67.34717707805657,Fog,Truck,Damaged,Poor,Afternoon,Medium,Major
37.32018699100152,Clear,Bus,Damaged,Poor,Morning,Low,Minor
63.385164923797305,Clear,Truck,Icy,Moderate,Afternoon,High,Minor
59.85047343973734,Clear,Truck,Icy,Moderate,Morning,Low,Minor
81.58500980522165,Snow,Truck,Wet,Good,Night,Medium,Fatal
83.50936508676438,Fog,Truck,Dry,Poor,Evening,Medium,Fatal
24.53040097720445,Rain,Motorcycle,Damaged,Good,Evening,Medium,Minor
57.46126146264712,Snow,Bus,Damaged,Moderate,Evening,Low,Minor
82.58599157142365,Snow,Motorcycle,Dry,Poor,Morning,Medium,Fatal
70.31362585800878,Snow,Bus,Damaged,Poor,Night,Low,Major
105.64898411883223,Clear,Truck,Icy,Moderate,Afternoon,High,Major
85.8693631618945,Fog,Car,Icy,Good,Night,Medium,Fatal
36.29344270814297,Snow,Motorcycle,Damaged,Good,Afternoon,Medium,Minor
27.056874740042986,Rain,Car,Icy,Poor,Morning,Medium,Major
84.24192782063156,Fog,Motorcycle,Icy,Moderate,Morning,High,Fatal
22.65113105416218,Rain,Truck,Damaged,Poor,Afternoon,Medium,Major
78.57755812734632,Fog,Motorcycle,Wet,Moderate,Afternoon,Low,Major
114.02302414249576,Rain,Truck,Dry,Good,Afternoon,Low,Major
77.5474177875879,Clear,Motorcycle,Icy,Moderate,Night,Medium,Minor
58.816992620652194,Snow,Truck,Wet,Good,Afternoon,Medium,Major
84.32882184423532,Rain,Truck,Icy,Moderate,Morning,High,Fatal
65.82528904915166,Fog,Bus,Icy,Poor,Morning,High,Fatal
74.56167893159349,Snow,Truck,Dry,Good,Evening,High,Major
114.14648087765252,Snow,Bus,Icy,Poor,Afternoon,Medium,Fatal
58.610263780077425,Fog,Truck,Dry,Poor,Night,High,Major
116.11905638239142,Rain,Car,Dry,Good,Night,High,Fatal
110.53506419560637,Clear,Truck,Dry,Good,Night,Low,Major
39.57911347892964,Clear,Car,Wet,Poor,Evening,High,Major
26.936130087516545,Rain,Car,Damaged,Poor,Morning,Low,Major
30.077800137742663,Snow,Truck,Wet,Poor,Night,Low,Fatal
21.82218256515497,Snow,Car,Damaged,Poor,Morning,High,Major
29.44429607559284,Snow,Bus,Damaged,Good,Evening,Low,Minor
88.30067734163569,Snow,Motorcycle,Dry,Good,Afternoon,Medium,Major
27.1188648460229,Rain,Truck,Icy,Poor,Afternoon,Medium,Major
51.89756302937613,Snow,Car,Dry,Moderate,Afternoon,High,Major
104.48753109694546,Fog,Truck,Icy,Moderate,Night,Medium,Fatal
22.327193573582587,Snow,Bus,Damaged,Good,Afternoon,Low,Minor
101.44684825889358,Clear,Truck,Dry,Poor,Night,Medium,Major
48.185477477339994,Snow,Truck,Icy,Poor,Evening,High,Fatal
31.816482762165627,Rain,Car,Wet,Good,Evening,High,Major
89.67371653641507,Clear,Bus,Icy,Moderate,Night,Low,Major
82.8942846779884,Rain,Motorcycle,Dry,Moderate,Morning,High,Fatal
107.74720135270529,Rain,Motorcycle,Wet,Moderate,Afternoon,Medium,Fatal
93.50710438038858,Clear,Car,Icy,Good,Afternoon,High,Major
100.34809303848486,Rain,Truck,Icy,Moderate,Afternoon,Low,Fatal
48.20345725713065,Rain,Car,Icy,Good,Night,High,Major
37.74395437797229,Snow,Car,Icy,Good,Evening,Medium,Major
95.06147516408583,Fog,Car,Icy,Poor,Afternoon,Low,Fatal
100.6834739267264,Rain,Truck,Wet,Moderate,Evening,Medium,Fatal
119.05051420006733,Rain,Bus,Damaged,Good,Afternoon,Low,Major
61.26176769114265,Rain,Car,Wet,Moderate,Afternoon,High,Major
57.201808579278314,Snow,Truck,Wet,Moderate,Night,Low,Major
97.64129607419969,Fog,Bus,Wet,Poor,Morning,Low,Fatal
54.08035402530179,Clear,Car,Damaged,Moderate,Night,High,Minor
113.07573256035647,Snow,Motorcycle,Dry,Poor,Afternoon,Medium,Fatal
105.84127518430118,Snow,Bus,Damaged,Good,Afternoon,High,Fatal
62.89940273750184,Fog,Car,Wet,Moderate,Morning,Low,Major
95.08710677914974,Fog,Bus,Icy,Good,Evening,High,Fatal
95.45428740846823,Snow,Bus,Icy,Moderate,Evening,Low,Fatal
30.312386883593263,Clear,Bus,Wet,Good,Afternoon,High,Minor
110.25529066795667,Snow,Bus,Icy,Moderate,Evening,High,Fatal
70.52523724478571,Fog,Bus,Wet,Moderate,Afternoon,Medium,Major
102.64574661077417,Clear,Bus,Icy,Moderate,Morning,Low,Major
52.00496010306117,Fog,Car,Damaged,Moderate,Morning,Medium,Minor
109.55232284962005,Clear,Motorcycle,Dry,Moderate,Afternoon,Low,Major
58.92016787341631,Rain,Truck,Dry,Moderate,Morning,High,Major
21.083765148029837,Fog,Bus,Damaged,Moderate,Night,Low,Major
110.53819764192636,Fog,Truck,Damaged,Moderate,Night,Medium,Fatal
29.128667678613354,Snow,Car,Wet,Moderate,Morning,Medium,Major
51.93136375904149,Fog,Bus,Wet,Good,Afternoon,Medium,Major
115.0061967050805,Fog,Motorcycle,Wet,Poor,Afternoon,Low,Fatal
115.06071469375561,Rain,Truck,Icy,Moderate,Morning,Medium,Fatal
77.34378881232861,Fog,Bus,Wet,Poor,Evening,Medium,Major
83.18372121697993,Rain,Car,Damaged,Moderate,Night,Medium,Fatal
64.84455219783197,Rain,Motorcycle,Dry,Moderate,Evening,High,Major
49.32107716980646,Rain,Truck,Icy,Good,Afternoon,High,Major
52.8664545369916,Rain,Truck,Wet,Good,Afternoon,Low,Major
87.25184560770384,Clear,Bus,Icy,Poor,Evening,Low,Fatal
95.237452943768,Snow,Motorcycle,Icy,Good,Morning,Medium,Fatal
99.15790437258485,Clear,Motorcycle,Wet,Good,Evening,High,Major
98.96181427945538,Fog,Motorcycle,Icy,Poor,Evening,Medium,Fatal
29.120610304869036,Clear,Motorcycle,Dry,Good,Night,Medium,Minor
69.44203047025815,Clear,Car,Damaged,Moderate,Night,High,Minor
25.75587600166443,Fog,Motorcycle,Damaged,Poor,Evening,High,Major
74.95288823237355,Fog,Truck,Dry,Poor,Evening,High,Major
64.1530501373377,Fog,Truck,Icy,Moderate,Afternoon,Low,Major
108.77041827582998,Clear,Car,Wet,Good,Night,Low,Major
55.09150125520787,Clear,Truck,Icy,Poor,Night,Medium,Major
31.706701642760585,Fog,Truck,Dry,Poor,Afternoon,Low,Major
34.299168205283586,Snow,Motorcycle,Icy,Moderate,Morning,High,Major
96.15106317174723,Snow,Truck,Damaged,Moderate,Night,High,Fatal
81.8218063316261,Rain,Car,Icy,Good,Night,Low,Fatal
30.112267612279027,Fog,Motorcycle,Dry,Poor,Morning,Medium,Major
28.410680611499743,Rain,Bus,Damaged,Good,Night,Medium,Major
90.096913145912,Snow,Motorcycle,Icy,Good,Night,Low,Fatal
27.276300636419354,Rain,Car,Icy,Moderate,Morning,Medium,Major
102.18600592903562,Fog,Motorcycle,Damaged,Poor,Morning,Medium,Fatal
90.62422271564962,Fog,Motorcycle,Wet,Poor,Evening,Medium,Fatal
28.134878064189976,Fog,Car,Damaged,Poor,Afternoon,High,Major
28.483771408519193,Clear,Motorcycle,Wet,Moderate,Afternoon,High,Minor
118.66395785011754,Rain,Car,Dry,Moderate,Morning,Low,Major
57.427079575612034,Snow,Car,Dry,Moderate,Morning,High,Major
57.06421470668909,Snow,Bus,Damaged,Moderate,Night,Medium,Major
101.27995672575025,Snow,Truck,Damaged,Moderate,Evening,High,Fatal
114.72485773838586,Clear,Truck,Dry,Poor,Evening,Low,Major
118.6001063822871,Clear,Motorcycle,Wet,Good,Morning,High,Major
95.33781852589416,Fog,Motorcycle,Dry,Poor,Night,Medium,Fatal
57.62595855309158,Snow,Bus,Damaged,Good,Night,Medium,Major
28.350071669866878,Clear,Bus,Dry,Moderate,Afternoon,Low,Minor
97.71469159274368,Fog,Bus,Damaged,Good,Afternoon,High,Fatal
75.8404249735805,Snow,Car,Damaged,Poor,Night,High,Major
62.42220092469763,Rain,Bus,Dry,Poor,Afternoon,High,Major
110.6354385094736,Fog,Bus,Wet,Good,Morning,Medium,Fatal
31.119748230615134,Clear,Motorcycle,Icy,Moderate,Night,Low,Minor
69.26251042908592,Clear,Bus,Dry,Moderate,Afternoon,High,Minor
21.135364476741906,Fog,Car,Icy,Poor,Evening,Medium,Major
66.86606419941262,Fog,Car,Dry,Good,Night,Medium,Major
25.630327568183734,Clear,Motorcycle,Icy,Moderate,Night,Medium,Minor
31.881791626807193,Rain,Bus,Wet,Moderate,Evening,High,Major
31.752624677710486,Snow,Bus,Wet,Poor,Morning,High,Fatal
84.92103021160635,Rain,Car,Dry,Moderate,Evening,High,Fatal
94.60448792654233,Fog,Bus,Damaged,Good,Night,High,Fatal
78.33687650971596,Rain,Bus,Icy,Poor,Morning,High,Fatal
116.21725484745419,Clear,Bus,Damaged,Poor,Afternoon,High,Major
57.48705795237041,Fog,Truck,Damaged,Good,Afternoon,High,Major
48.57120862818607,Snow,Motorcycle,Damaged,Poor,Afternoon,High,Major
106.85991281894603,Clear,Truck,Wet,Moderate,Night,High,Fatal
42.35958385194526,Clear,Motorcycle,Dry,Moderate,Evening,Medium,Minor
116.32225394406113,Snow,Car,Dry,Good,Morning,High,Fatal
21.215447468981633,Snow,Bus,Wet,Moderate,Afternoon,Low,Major
116.98788267076391,Rain,Motorcycle,Wet,Good,Morning,Medium,Fatal
24.315991195057613,Fog,Truck,Dry,Good,Night,High,Major
109.11431136980711,Snow,Bus,Damaged,Moderate,Afternoon,Low,Major
72.77011090862999,Snow,Car,Icy,Good,Night,High,Major
119.29647961193004,Fog,Motorcycle,Icy,Moderate,Evening,Low,Fatal
27.379656473539885,Snow,Motorcycle,Icy,Poor,Night,Low,Fatal
75.38542844013207,Snow,Motorcycle,Damaged,Poor,Night,Low,Major
116.9302535619099,Rain,Bus,Dry,Good,Evening,Low,Major
72.30978441701488,Clear,Truck,Wet,Moderate,Morning,Medium,Minor
82.93986381352624,Clear,Truck,Dry,Moderate,Evening,Medium,Major
89.57486889846172,Clear,Motorcycle,Damaged,Poor,Evening,Low,Major
65.45410647677733,Clear,Car,Wet,Poor,Night,High,Major
82.75580800840635,Snow,Car,Damaged,Moderate,Morning,Low,Major
78.43143119231001,Fog,Truck,Icy,Good,Afternoon,Medium,Major
110.11580104909889,Fog,Car,Icy,Poor,Evening,High,Fatal
24.544638034145787,Rain,Truck,Damaged,Good,Morning,Medium,Minor
48.096318959223034,Rain,Motorcycle,Wet,Good,Evening,Medium,Major
115.04114840765587,Snow,Truck,Wet,Poor,Evening,High,Fatal
109.02637838909163,Fog,Truck,Dry,Good,Evening,Low,Major
65.56567527857129,Fog,Motorcycle,Icy,Good,Evening,Low,Major
82.01325978015367,Clear,Car,Dry,Moderate,Night,Low,Major
47.738118298113264,Snow,Truck,Dry,Good,Morning,Low,Minor
38.812115972376134,Snow,Truck,Damaged,Moderate,Morning,High,Major
66.36984049399823,Clear,Motorcycle,Damaged,Poor,Morning,High,Minor
55.33522280260528,Snow,Car,Dry,Poor,Evening,High,Major
78.3656111850872,Snow,Truck,Icy,Moderate,Night,Medium,Major
27.77346369649848,Rain,Motorcycle,Damaged,Poor,Evening,High,Major
117.43948076661665,Fog,Truck,Dry,Good,Evening,Low,Major
118.62107444796028,Snow,Bus,Dry,Good,Morning,Medium,Major
89.81617140197451,Rain,Motorcycle,Dry,Good,Evening,Low,Major
73.60963663441204,Fog,Car,Dry,Poor,Afternoon,Low,Major
50.95276162863277,Clear,Car,Dry,Good,Evening,High,Minor
101.37950197069486,Rain,Car,Dry,Poor,Afternoon,High,Fatal
88.47311725538793,Rain,Car,Damaged,Good,Evening,Low,Major
36.26169393448913,Fog,Truck,Icy,Moderate,Night,Low,Major
111.09271844938425,Clear,Truck,Dry,Poor,Night,Medium,Major
102.2537242923169,Rain,Car,Wet,Poor,Morning,High,Fatal
114.9799913291924,Snow,Car,Damaged,Good,Evening,Medium,Major
92.571950838836,Snow,Car,Damaged,Poor,Afternoon,Medium,Fatal
81.341519593579,Snow,Truck,Dry,Poor,Afternoon,Medium,Fatal
61.82430362906189,Clear,Car,Damaged,Moderate,Evening,Low,Minor
113.27284833540132,Rain,Car,Dry,Moderate,Afternoon,Medium,Major
106.60638895004084,Snow,Bus,Icy,Good,Night,Medium,Fatal
24.52186701061894,Clear,Bus,Icy,Moderate,Afternoon,Low,Minor
22.6366974497252,Snow,Car,Damaged,Good,Morning,High,Major
57.64633668780496,Fog,Motorcycle,Damaged,Good,Night,High,Major
101.0553330781833,Rain,Car,Wet,Good,Night,Medium,Fatal
118.72761293149445,Rain,Bus,Damaged,Poor,Night,Low,Fatal
35.04168911035282,Clear,Motorcycle,Wet,Moderate,Evening,High,Minor
79.4130715352135,Clear,Motorcycle,Icy,Good,Evening,Medium,Minor
58.08908566310215,Rain,Car,Icy,Moderate,Night,Medium,Major
116.99143978146031,Snow,Bus,Dry,Good,Evening,Low,Major
104.21189231357087,Snow,Bus,Icy,Moderate,Afternoon,Medium,Fatal
103.83287047111378,Fog,Motorcycle,Wet,Moderate,Evening,High,Fatal
66.86931597949703,Snow,Car,Damaged,Good,Evening,Low,Minor
61.48195023376652,Clear,Truck,Dry,Poor,Night,High,Major
47.34070719307063,Clear,Truck,Wet,Moderate,Morning,High,Minor
25.637549665092713,Snow,Bus,Damaged,Poor,Morning,High,Major
106.47223762550531,Clear,Truck,Dry,Poor,Morning,Medium,Major
101.29010091300776,Rain,Bus,Icy,Good,Afternoon,Medium,Fatal
119.97176732861305,Rain,Bus,Wet,Good,Evening,High,Fatal
119.66368370739053,Snow,Bus,Damaged,Good,Morning,High,Fatal
75.54317056026275,Rain,Truck,Dry,Moderate,Night,Low,Major
96.89874151805105,Rain,Bus,Dry,Good,Morning,Low,Major
114.47657298824281,Fog,Motorcycle,Icy,Good,Morning,Medium,Fatal
104.96473906774115,Fog,Car,Damaged,Moderate,Evening,Medium,Major
44.73481017431976,Rain,Car,Icy,Moderate,Evening,Low,Major
65.05441353100935,Snow,Bus,Icy,Good,Evening,High,Major
32.9159415151495,Fog,Car,Damaged,Good,Afternoon,Medium,Minor
115.40510272587224,Clear,Truck,Damaged,Good,Afternoon,High,Major
80.617463445088,Clear,Truck,Damaged,Good,Morning,Low,Major
42.86428055034627,Clear,Car,Wet,Poor,Evening,Medium,Major
87.17006844058567,Snow,Truck,Damaged,Poor,Morning,Medium,Fatal
81.81282404578958,Rain,Car,Dry,Good,Night,Low,Fatal
55.81627180328405,Clear,Car,Icy,Poor,Night,Medium,Major
31.355759219962902,Snow,Car,Wet,Moderate,Evening,Low,Major
87.15731955927996,Fog,Bus,Damaged,Poor,Evening,Medium,Fatal
72.03077009037932,Rain,Car,Wet,Poor,Night,Low,Fatal
97.23183917356393,Fog,Bus,Damaged,Good,Evening,Medium,Major
72.01635011119933,Snow,Car,Wet,Poor,Afternoon,High,Fatal
105.21815003185401,Clear,Car,Icy,Poor,Afternoon,High,Fatal
75.19068387744855,Clear,Car,Icy,Poor,Evening,High,Major
76.09379715353862,Snow,Truck,Dry,Poor,Night,Medium,Major
107.66536026583451,Clear,Bus,Dry,Moderate,Morning,Medium,Major
60.3482866212397,Rain,Bus,Damaged,Good,Evening,High,Major
33.40152284506407,Snow,Car,Icy,Good,Evening,High,Major
22.878267631333898,Fog,Car,Wet,Moderate,Morning,Low,Major
95.5137255673619,Snow,Truck,Wet,Poor,Evening,Low,Fatal
82.03095513534646,Rain,Truck,Wet,Moderate,Morning,Low,Fatal
90.40797680992236,Rain,Truck,Dry,Poor,Night,High,Fatal
41.296416150891076,Snow,Bus,Wet,Moderate,Afternoon,High,Major
33.63714755867697,Snow,Bus,Dry,Good,Night,High,Major
21.45446656678819,Clear,Bus,Dry,Good,Afternoon,Low,Minor
55.058755880659696,Rain,Car,Damaged,Good,Morning,Medium,Minor
78.99176868546331,Snow,Bus,Wet,Poor,Afternoon,High,Fatal
59.22440450997323,Snow,Motorcycle,Wet,Poor,Night,Medium,Fatal
63.747492202372904,Rain,Motorcycle,Icy,Moderate,Afternoon,Medium,Major
110.41586944937484,Snow,Truck,Damaged,Moderate,Morning,Medium,Major
54.82554670233004,Clear,Bus,Icy,Good,Afternoon,Low,Minor
71.39894891598108,Rain,Motorcycle,Damaged,Poor,Evening,Medium,Major
98.3653012741143,Clear,Truck,Wet,Moderate,Night,High,Fatal
59.65427823212701,Clear,Bus,Dry,Poor,Evening,Low,Minor
82.20867002278735,Clear,Car,Dry,Poor,Morning,High,Major
106.23637087467452,Clear,Motorcycle,Dry,Good,Afternoon,High,Major
114.9520623657642,Rain,Car,Dry,Good,Evening,Low,Major
34.70734809290379,Clear,Bus,Dry,Poor,Evening,High,Minor
112.65876251614944,Clear,Motorcycle,Icy,Poor,Afternoon,High,Fatal
69.21162930795381,Snow,Bus,Damaged,Poor,Afternoon,Low,Major
45.82443882989584,Rain,Car,Wet,Poor,Night,High,Fatal
65.91357562382613,Rain,Motorcycle,Icy,Good,Evening,Medium,Major
118.0032575285477,Fog,Car,Damaged,Moderate,Evening,High,Fatal
69.26180939928696,Rain,Bus,Dry,Good,Morning,Medium,Minor
52.875161028750824,Rain,Bus,Damaged,Moderate,Night,High,Major
83.34008543167258,Fog,Car,Damaged,Poor,Morning,Low,Fatal
44.014561877819304,Rain,Motorcycle,Dry,Moderate,Evening,Low,Minor
27.58633281086639,Rain,Car,Dry,Good,Morning,High,Major
32.88797219106492,Rain,Bus,Dry,Good,Evening,Low,Minor
32.80458389577724,Rain,Car,Wet,Poor,Evening,High,Fatal
35.19026935122943,Fog,Bus,Dry,Good,Morning,Low,Minor
33.882717264941014,Rain,Car,Wet,Poor,Morning,Medium,Major
84.08747448032146,Rain,Motorcycle,Dry,Good,Afternoon,High,Fatal
38.18800843991448,Fog,Motorcycle,Wet,Good,Afternoon,Medium,Major
54.56672833238632,Snow,Car,Damaged,Poor,Afternoon,Medium,Major
109.67884099060119,Clear,Car,Icy,Moderate,Evening,High,Major
67.39616402628724,Snow,Motorcycle,Damaged,Good,Morning,Medium,Minor
86.75577385210272,Fog,Bus,Damaged,Moderate,Night,High,Fatal
37.231987120162984,Clear,Motorcycle,Dry,Good,Evening,Medium,Minor
39.22890188086708,Fog,Bus,Wet,Good,Night,High,Major
24.086861626647888,Fog,Car,Icy,Good,Morning,High,Major
36.893506307216455,Rain,Car,Dry,Good,Evening,Low,Minor
47.859033903195865,Clear,Bus,Dry,Moderate,Night,High,Minor
37.70104842767468,Rain,Car,Dry,Moderate,Night,High,Major
28.87025337570556,Clear,Bus,Damaged,Good,Afternoon,Medium,Minor
32.063587110060084,Fog,Truck,Wet,Good,Afternoon,High,Major
66.07787680327257,Fog,Motorcycle,Wet,Moderate,Afternoon,Low,Major
40.63337184057925,Snow,Truck,Icy,Poor,Evening,Medium,Major
56.42698610480755,Clear,Bus,Wet,Poor,Morning,Medium,Major
70.34172708548569,Rain,Motorcycle,Wet,Moderate,Morning,Low,Major
89.03948286293652,Snow,Bus,Dry,Good,Afternoon,Medium,Major
23.931213984109895,Snow,Motorcycle,Dry,Good,Afternoon,Medium,Minor
99.94103989090426,Snow,Motorcycle,Damaged,Poor,Afternoon,Medium,Fatal
82.79003894909079,Rain,Motorcycle,Dry,Poor,Night,Medium,Fatal
28.17590319488719,Snow,Motorcycle,Dry,Moderate,Afternoon,Low,Minor
107.35786241067773,Rain,Bus,Dry,Poor,Night,Low,Fatal
112.08724005318132,Snow,Motorcycle,Dry,Moderate,Morning,Medium,Major
26.107795985486376,Rain,Motorcycle,Damaged,Poor,Evening,Medium,Major
47.687764814720374,Fog,Truck,Dry,Poor,Evening,Low,Major
100.62012797930613,Fog,Car,Icy,Poor,Evening,Low,Fatal
94.82596903836584,Fog,Car,Icy,Good,Evening,Low,Fatal
38.45210193563773,Fog,Truck,Icy,Good,Night,Medium,Major
40.93493233367103,Fog,Truck,Icy,Good,Night,Medium,Major
57.0472102791382,Snow,Bus,Dry,Poor,Afternoon,High,Major
68.45229851910213,Snow,Bus,Icy,Moderate,Night,Low,Major
81.8254771530296,Snow,Bus,Dry,Moderate,Afternoon,Medium,Major
56.891363956977244,Rain,Truck,Damaged,Moderate,Afternoon,Low,Minor
66.25347161331479,Rain,Truck,Icy,Moderate,Evening,Medium,Major
94.74709381337566,Rain,Motorcycle,Wet,Good,Night,Low,Fatal
23.66832028905979,Rain,Bus,Icy,Good,Night,Medium,Major
45.24369443440207,Fog,Bus,Icy,Poor,Afternoon,High,Fatal
91.33495858845524,Fog,Bus,Dry,Poor,Afternoon,High,Fatal
109.52068376871993,Fog,Car,Icy,Moderate,Morning,Low,Fatal
71.16774421156661,Clear,Motorcycle,Wet,Good,Morning,Medium,Minor
73.21134852653157,Snow,Bus,Dry,Moderate,Afternoon,Medium,Minor
30.717201133977603,Rain,Bus,Dry,Poor,Morning,Low,Major
64.74123668234546,Rain,Bus,Damaged,Poor,Morning,Medium,Major
73.2617266455023,Fog,Car,Damaged,Moderate,Afternoon,Low,Minor
44.247050363472965,Rain,Car,Icy,Poor,Afternoon,Medium,Major
46.924323094938096,Rain,Truck,Damaged,Moderate,Night,Low,Major
57.728416310462265,Snow,Motorcycle,Damaged,Good,Afternoon,Medium,Minor
22.007119777772637,Fog,Truck,Damaged,Moderate,Afternoon,Low,Minor
52.20791655831783,Snow,Motorcycle,Dry,Good,Evening,Medium,Minor
41.14480069965447,Clear,Car,Dry,Good,Night,High,Minor
52.74973521779147,Clear,Bus,Dry,Poor,Night,Medium,Minor
31.97621318192512,Clear,Truck,Damaged,Poor,Night,Low,Minor
109.0527280739895,Fog,Bus,Dry,Poor,Evening,High,Fatal
79.35924535540487,Rain,Truck,Damaged,Moderate,Afternoon,Medium,Minor
87.91023191444896,Fog,Car,Dry,Moderate,Night,High,Fatal
98.91712386073382,Fog,Car,Dry,Poor,Night,Medium,Fatal
69.84421989290573,Rain,Car,Wet,Moderate,Morning,High,Major
28.69202880874237,Snow,Truck,Icy,Poor,Night,Low,Fatal
73.71065418185478,Clear,Motorcycle,Damaged,Moderate,Afternoon,Medium,Minor
78.68411180208791,Snow,Truck,Wet,Good,Afternoon,Medium,Major
94.54394741843299,Clear,Motorcycle,Dry,Good,Morning,Low,Major
63.16595462296794,Fog,Truck,Damaged,Poor,Night,High,Major
32.75803027955638,Clear,Truck,Dry,Moderate,Night,Low,Minor
48.37759057987245,Fog,Car,Icy,Moderate,Night,Low,Major
56.30822963986351,Snow,Bus,Wet,Good,Evening,High,Major
84.59172413316013,Fog,Bus,Icy,Good,Night,Low,Fatal
77.07783046689119,Snow,Motorcycle,Wet,Poor,Afternoon,Medium,Major
55.60967258978462,Rain,Bus,Dry,Good,Afternoon,Medium,Minor
118.65152487929797,Rain,Truck,Icy,Poor,Evening,Medium,Fatal
80.57748193568872,Rain,Truck,Icy,Good,Evening,Low,Fatal
43.722679173599445,Fog,Car,Dry,Good,Night,Medium,Major
30.178247262040372,Rain,Car,Icy,Moderate,Morning,Medium,Major
35.2859139184332,Clear,Bus,Damaged,Good,Evening,Medium,Minor
44.59577283845081,Snow,Motorcycle,Wet,Good,Evening,Medium,Major
36.06813732595557,Snow,Bus,Wet,Poor,Night,Medium,Fatal
38.656702405130574,Clear,Bus,Wet,Good,Night,Medium,Minor
48.50951686938471,Fog,Bus,Damaged,Poor,Evening,Low,Major
37.33735952947548,Fog,Bus,Wet,Good,Morning,Medium,Major
109.67654246264252,Snow,Truck,Dry,Good,Evening,Medium,Major
28.02337456616422,Rain,Motorcycle,Icy,Poor,Night,High,Fatal
72.45113895702546,Fog,Truck,Damaged,Moderate,Night,Low,Major
61.03968269896615,Fog,Motorcycle,Wet,Poor,Evening,Low,Major
118.23786169086064,Clear,Car,Dry,Poor,Morning,Low,Major
31.203890216805235,Clear,Bus,Icy,Poor,Evening,Low,Major
59.785559904574164,Rain,Truck,Icy,Moderate,Evening,Medium,Major
116.94704332753689,Fog,Motorcycle,Damaged,Good,Night,Medium,Fatal
106.55071258939803,Fog,Car,Damaged,Poor,Morning,High,Fatal
101.707207094928,Clear,Car,Damaged,Poor,Afternoon,High,Major
45.79028270449398,Fog,Bus,Dry,Moderate,Morning,Low,Minor
37.08875873900658,Snow,Motorcycle,Dry,Poor,Evening,High,Major
86.8643219924431,Clear,Truck,Damaged,Good,Evening,High,Major
112.93759891275857,Rain,Bus,Wet,Moderate,Evening,Low,Fatal
75.67628930139298,Clear,Truck,Icy,Good,Morning,Low,Minor
77.16126894698999,Fog,Car,Icy,Good,Night,High,Major
47.997909366028416,Rain,Truck,Dry,Moderate,Evening,Medium,Minor
96.94929331919369,Clear,Truck,Icy,Poor,Evening,High,Fatal
38.704374855752334,Snow,Bus,Wet,Good,Morning,High,Major
52.367923640424365,Snow,Truck,Icy,Good,Afternoon,Medium,Major
62.54364386164168,Clear,Bus,Dry,Good,Afternoon,Medium,Minor
70.7610378684455,Snow,Car,Dry,Good,Night,Low,Major
44.24097324150802,Snow,Bus,Wet,Moderate,Night,Low,Major
31.483682473920354,Snow,Bus,Wet,Moderate,Evening,High,Major
81.06200424416326,Rain,Motorcycle,Icy,Good,Morning,Medium,Fatal
48.86305532402558,Snow,Truck,Icy,Poor,Evening,Low,Major
78.12382214226122,Snow,Car,Dry,Good,Night,High,Major
35.43627152742023,Snow,Bus,Wet,Poor,Morning,Medium,Major
68.11401018548175,Rain,Car,Wet,Good,Morning,High,Major
73.25894325515858,Clear,Motorcycle,Wet,Poor,Night,Low,Major
25.18235368224269,Fog,Truck,Icy,Good,Afternoon,Low,Major
53.660427819392055,Snow,Bus,Wet,Poor,Afternoon,Medium,Major
33.44146769389742,Clear,Truck,Dry,Good,Morning,High,Minor
26.337497047276774,Snow,Motorcycle,Dry,Good,Evening,Medium,Minor
118.99602323899452,Rain,Motorcycle,Icy,Poor,Afternoon,Low,Fatal
52.235384497472296,Clear,Car,Damaged,Moderate,Evening,Low,Minor
100.98744458546349,Rain,Bus,Icy,Poor,Afternoon,High,Fatal
45.46406547637638,Snow,Car,Damaged,Moderate,Afternoon,High,Major
88.15027222239293,Snow,Motorcycle,Wet,Good,Evening,High,Fatal
96.02278598896865,Rain,Truck,Icy,Poor,Night,Medium,Fatal
79.56387406078443,Fog,Car,Dry,Poor,Afternoon,High,Major
67.15761885501584,Rain,Car,Wet,Poor,Afternoon,High,Fatal
61.18409141472685,Snow,Truck,Dry,Moderate,Evening,Low,Minor
54.88682665429953,Rain,Car,Wet,Moderate,Night,Low,Major
112.95291442478259,Fog,Truck,Icy,Good,Afternoon,High,Fatal
103.06194077877291,Rain,Bus,Damaged,Moderate,Afternoon,High,Fatal
116.50269106665125,Fog,Truck,Wet,Moderate,Night,Low,Fatal
32.42972234855447,Fog,Bus,Damaged,Good,Afternoon,High,Major
93.08674752036443,Rain,Truck,Wet,Poor,Night,Medium,Fatal
113.83404568210378,Rain,Motorcycle,Dry,Poor,Night,Medium,Fatal
38.12330661656601,Clear,Motorcycle,Dry,Good,Evening,Medium,Minor
26.64962673667775,Snow,Bus,Wet,Poor,Morning,High,Fatal
94.11206492900591,Fog,Bus,Damaged,Moderate,Night,Low,Fatal
77.4473113179912,Clear,Motorcycle,Icy,Good,Evening,High,Minor
104.1828776758272,Rain,Bus,Icy,Good,Morning,High,Fatal
33.97723766262895,Snow,Truck,Dry,Good,Afternoon,Low,Minor
99.52673118598902,Clear,Truck,Icy,Poor,Morning,Low,Fatal
40.162732004774455,Fog,Motorcycle,Dry,Good,Night,Low,Major
36.36559428657045,Clear,Car,Icy,Good,Night,Medium,Minor
36.42657979309929,Fog,Truck,Wet,Good,Night,High,Major
101.45747202313821,Rain,Bus,Dry,Poor,Night,Low,Fatal
86.51972206962002,Snow,Car,Dry,Moderate,Night,High,Fatal
72.30654247691193,Snow,Car,Wet,Good,Evening,Medium,Major
55.88304841235025,Snow,Truck,Dry,Moderate,Night,Medium,Major
107.72005408131082,Rain,Truck,Icy,Poor,Evening,Low,Fatal
59.244510742263536,Fog,Car,Icy,Poor,Afternoon,Low,Major
101.65994394715771,Rain,Car,Dry,Poor,Night,High,Fatal
63.91349085702184,Snow,Motorcycle,Icy,Poor,Night,Low,Fatal
57.69444294249076,Rain,Bus,Damaged,Moderate,Morning,High,Major
66.26797856696064,Rain,Motorcycle,Dry,Good,Afternoon,Low,Minor
50.13778741641421,Rain,Truck,Wet,Poor,Night,High,Fatal
94.76093801762511,Fog,Motorcycle,Damaged,Poor,Night,High,Fatal
70.27203900924792,Clear,Motorcycle,Dry,Moderate,Afternoon,High,Minor
43.22126951468173,Clear,Motorcycle,Wet,Moderate,Evening,High,Minor
109.95745732745685,Rain,Motorcycle,Icy,Poor,Night,Medium,Fatal
58.38912213732114,Clear,Bus,Wet,Good,Morning,High,Minor
74.35528611139887,Clear,Bus,Damaged,Good,Night,Low,Minor
110.6472110964547,Rain,Car,Icy,Poor,Morning,Medium,Fatal
82.42379959139922,Rain,Truck,Dry,Moderate,Morning,Medium,Major
31.68980407083641,Snow,Motorcycle,Icy,Poor,Night,High,Fatal
113.98321236134751,Clear,Car,Dry,Poor,Night,Medium,Major
82.77080530714179,Fog,Car,Dry,Moderate,Morning,High,Fatal
53.49056146570861,Rain,Car,Wet,Poor,Afternoon,Low,Major
33.927207266338726,Snow,Bus,Wet,Poor,Afternoon,High,Fatal
99.4025189270296,Fog,Motorcycle,Wet,Poor,Night,Medium,Fatal
82.00727559285136,Clear,Motorcycle,Damaged,Moderate,Evening,Low,Major
73.34610919763216,Snow,Truck,Damaged,Good,Afternoon,High,Major
109.38925830509577,Rain,Motorcycle,Wet,Good,Night,Low,Fatal
98.85972112245308,Fog,Motorcycle,Damaged,Moderate,Afternoon,Low,Major
35.167487973275115,Rain,Car,Icy,Good,Evening,Medium,Major
51.17220677955483,Clear,Truck,Icy,Poor,Night,Low,Major
44.84891398144657,Fog,Motorcycle,Damaged,Good,Evening,Medium,Minor
94.3946292572677,Clear,Bus,Damaged,Poor,Night,Low,Major
23.353243473577937,Clear,Motorcycle,Icy,Good,Evening,High,Minor
76.98896848713164,Snow,Car,Dry,Moderate,Afternoon,Low,Minor
96.24586857406905,Rain,Bus,Icy,Good,Afternoon,High,Fatal
107.67656367617495,Fog,Car,Icy,Good,Evening,High,Fatal
54.20817487159075,Clear,Motorcycle,Damaged,Good,Evening,Low,Minor
102.12573046720128,Clear,Bus,Icy,Moderate,Evening,High,Major
31.063173695520724,Fog,Truck,Damaged,Good,Night,Low,Major
104.64522917345182,Clear,Truck,Damaged,Moderate,Afternoon,Low,Major
32.74886623319824,Snow,Bus,Wet,Poor,Night,High,Fatal
59.72872905603673,Snow,Bus,Icy,Good,Afternoon,High,Major
99.72953657795536,Snow,Car,Dry,Moderate,Morning,Medium,Major
34.99174273487738,Snow,Bus,Wet,Moderate,Night,High,Major
42.92513952326415,Clear,Car,Damaged,Good,Afternoon,Medium,Minor
92.22525683930662,Fog,Motorcycle,Damaged,Poor,Afternoon,High,Fatal
92.00365365460743,Fog,Car,Dry,Moderate,Night,Low,Fatal
84.11476328852973,Fog,Bus,Damaged,Good,Night,High,Fatal
89.39484444671,Fog,Bus,Icy,Poor,Afternoon,Low,Fatal
74.27244433475963,Rain,Motorcycle,Wet,Moderate,Night,Low,Major
45.179905890695274,Fog,Bus,Damaged,Moderate,Evening,Low,Minor
54.56959935039195,Rain,Bus,Damaged,Poor,Night,Medium,Major
38.15977168014257,Rain,Truck,Dry,Poor,Night,High,Major
110.84505613336283,Snow,Truck,Icy,Good,Night,Low,Fatal
78.33917947661205,Rain,Motorcycle,Damaged,Good,Afternoon,Low,Minor
60.08514167636399,Clear,Car,Dry,Moderate,Evening,Medium,Minor
66.20058036441327,Rain,Truck,Damaged,Poor,Morning,High,Major
114.72833396118153,Snow,Car,Dry,Poor,Morning,High,Fatal
35.33514031160802,Rain,Bus,Dry,Poor,Evening,Medium,Major
78.62298320167972,Clear,Truck,Icy,Moderate,Evening,Medium,Minor
70.5888678884466,Clear,Motorcycle,Damaged,Poor,Evening,High,Minor
81.14542354346477,Clear,Motorcycle,Icy,Poor,Afternoon,Medium,Fatal
21.81101838208405,Snow,Motorcycle,Dry,Moderate,Morning,High,Major
107.21239089441515,Snow,Truck,Wet,Good,Evening,High,Fatal
113.21182824836124,Fog,Car,Damaged,Good,Afternoon,Low,Major
76.51331835892088,Snow,Bus,Wet,Moderate,Morning,Low,Major
89.66508238768922,Clear,Car,Damaged,Poor,Night,High,Fatal
112.24993811772957,Clear,Car,Icy,Moderate,Afternoon,High,Major
90.72386343133986,Snow,Bus,Icy,Good,Morning,High,Fatal
35.25390429142614,Rain,Bus,Icy,Good,Afternoon,High,Major
77.62883601668132,Snow,Truck,Icy,Moderate,Morning,High,Major
80.6715046382856,Snow,Truck,Icy,Moderate,Morning,High,Fatal
62.4130671302386,Clear,Truck,Wet,Good,Night,Medium,Minor
93.64442356247228,Fog,Truck,Icy,Moderate,Afternoon,High,Fatal
113.43670147690149,Clear,Truck,Dry,Good,Evening,Medium,Major
112.55685129067763,Fog,Bus,Dry,Moderate,Night,Medium,Fatal
65.08393714041321,Clear,Car,Wet,Moderate,Night,High,Major
31.323804584075525,Snow,Truck,Damaged,Moderate,Morning,High,Major
118.48411989623345,Clear,Truck,Dry,Good,Evening,Medium,Major
103.88980864459342,Clear,Car,Damaged,Moderate,Afternoon,Medium,Major
32.46626812032669,Clear,Truck,Wet,Good,Evening,High,Minor
112.08418826173724,Snow,Car,Damaged,Good,Evening,High,Fatal
106.98963620621282,Snow,Car,Damaged,Moderate,Evening,Medium,Major
71.88380571260721,Snow,Bus,Damaged,Moderate,Evening,Medium,Minor
79.12754357449293,Snow,Motorcycle,Damaged,Good,Evening,Medium,Minor
59.90027038701302,Fog,Bus,Wet,Good,Morning,Low,Major
25.47616388220313,Fog,Motorcycle,Dry,Poor,Morning,Medium,Major
53.519724164590095,Rain,Motorcycle,Icy,Good,Night,Low,Major
100.28534485980114,Snow,Motorcycle,Damaged,Poor,Morning,High,Fatal
20.463202300460285,Fog,Truck,Dry,Poor,Night,High,Major
53.34991716911442,Clear,Bus,Dry,Poor,Night,Medium,Minor
59.81686935909433,Snow,Motorcycle,Wet,Moderate,Afternoon,High,Major
73.7395602937923,Rain,Car,Dry,Moderate,Evening,High,Major
111.98556164127605,Rain,Truck,Wet,Good,Morning,High,Fatal
54.634599436596126,Rain,Bus,Damaged,Poor,Afternoon,High,Major
54.69532018962277,Clear,Motorcycle,Damaged,Moderate,Morning,Low,Minor
93.75012481097484,Fog,Car,Icy,Moderate,Night,Low,Fatal
65.22179408898072,Clear,Bus,Icy,Moderate,Morning,Medium,Minor
42.4604822939982,Snow,Bus,Icy,Moderate,Evening,Medium,Major
65.24395161326933,Rain,Truck,Dry,Moderate,Night,Medium,Major
34.085702037979985,Clear,Bus,Damaged,Poor,Night,High,Major
37.63869865062233,Clear,Truck,Wet,Poor,Afternoon,High,Major
69.83677727394797,Fog,Motorcycle,Icy,Poor,Evening,Low,Major
61.89254495045479,Fog,Truck,Wet,Poor,Night,Low,Fatal
111.48459010681,Rain,Car,Wet,Good,Evening,Medium,Fatal
56.23938991166331,Clear,Truck,Icy,Poor,Morning,Low,Major
78.05883502780435,Clear,Car,Damaged,Moderate,Evening,Low,Minor
83.22642879195304,Fog,Truck,Icy,Poor,Night,Low,Fatal
21.309445658833365,Clear,Bus,Wet,Good,Afternoon,Low,Minor
86.35373720167107,Clear,Motorcycle,Icy,Moderate,Night,Low,Major
37.80359668697514,Clear,Car,Wet,Poor,Evening,Medium,Major
116.10703174694551,Fog,Truck,Wet,Poor,Evening,Medium,Fatal
34.866272775311295,Rain,Truck,Icy,Poor,Night,Low,Fatal
61.462412372702374,Snow,Truck,Dry,Moderate,Evening,Medium,Minor
28.534966807864386,Rain,Bus,Icy,Moderate,Morning,High,Major
119.68742518459473,Snow,Bus,Dry,Good,Night,Low,Fatal
70.21950103312426,Clear,Car,Wet,Moderate,Afternoon,High,Minor
79.53850173200438,Rain,Car,Wet,Moderate,Night,Medium,Major
26.70764773884275,Snow,Bus,Dry,Poor,Morning,Medium,Major
94.99604703991778,Fog,Car,Wet,Moderate,Morning,High,Fatal
40.99055930955858,Fog,Motorcycle,Dry,Poor,Morning,Medium,Major
109.80542894407138,Rain,Motorcycle,Dry,Poor,Morning,Low,Fatal
40.51396404820072,Rain,Bus,Wet,Moderate,Morning,High,Major
39.068772066366655,Clear,Car,Damaged,Good,Afternoon,Low,Minor
23.65496678480949,Rain,Truck,Dry,Good,Evening,High,Major
67.20669451099992,Clear,Motorcycle,Icy,Moderate,Morning,Medium,Minor
76.48411332626165,Clear,Bus,Icy,Good,Morning,High,Minor
26.57086394283524,Fog,Car,Wet,Poor,Night,High,Fatal
97.55276166950105,Fog,Bus,Damaged,Poor,Afternoon,Low,Fatal
65.32888347480275,Snow,Truck,Wet,Moderate,Afternoon,Medium,Major
72.439026932758,Fog,Motorcycle,Damaged,Good,Evening,Low,Minor
64.07627469382282,Fog,Bus,Dry,Good,Afternoon,Medium,Minor
60.0763060875326,Rain,Bus,Dry,Poor,Night,Low,Major
75.96403313082179,Fog,Bus,Dry,Moderate,Night,High,Major
35.524024593071246,Snow,Truck,Dry,Good,Evening,Low,Minor
38.19281304952711,Rain,Bus,Icy,Moderate,Night,Medium,Major
106.17856210135173,Snow,Truck,Icy,Good,Morning,Medium,Fatal
114.61154621336327,Fog,Truck,Wet,Poor,Morning,High,Fatal
57.330931627975296,Snow,Truck,Damaged,Poor,Night,Medium,Major
47.074467314355374,Rain,Motorcycle,Dry,Moderate,Evening,Low,Minor
84.39995432390158,Clear,Motorcycle,Dry,Poor,Afternoon,High,Major
60.87341710980964,Snow,Bus,Damaged,Good,Evening,Medium,Minor
22.538635566034486,Snow,Bus,Damaged,Poor,Afternoon,Medium,Major
35.61525973661904,Rain,Motorcycle,Wet,Moderate,Night,Low,Major
91.59722288473975,Rain,Car,Damaged,Moderate,Night,Low,Fatal
85.89239419101514,Snow,Motorcycle,Dry,Moderate,Morning,High,Fatal
22.709599250348347,Fog,Truck,Dry,Good,Afternoon,Medium,Minor
42.19721619329495,Snow,Motorcycle,Dry,Good,Evening,Low,Minor
43.10747965880714,Rain,Truck,Dry,Good,Night,High,Major
87.18927435987284,Clear,Bus,Dry,Good,Evening,Medium,Major
21.971053775436417,Clear,Car,Wet,Good,Morning,Medium,Minor
30.410858198457383,Fog,Bus,Dry,Poor,Afternoon,High,Major
99.99160853731894,Snow,Truck,Wet,Good,Afternoon,High,Fatal
37.85446620543336,Clear,Truck,Dry,Good,Night,Low,Minor
85.27461078518748,Snow,Truck,Icy,Poor,Afternoon,Medium,Fatal
43.81827810467265,Rain,Car,Icy,Good,Night,Medium,Major
29.944139275934518,Clear,Motorcycle,Icy,Moderate,Morning,Medium,Minor
44.317219099945405,Fog,Bus,Icy,Good,Afternoon,High,Major
92.22669318556592,Rain,Bus,Wet,Good,Night,Low,Fatal
105.56964681062857,Fog,Motorcycle,Wet,Moderate,Evening,Medium,Fatal
103.02198645669915,Rain,Bus,Damaged,Moderate,Night,High,Fatal
59.71835296184548,Clear,Car,Dry,Moderate,Afternoon,Medium,Minor
86.80851365706462,Fog,Bus,Icy,Moderate,Morning,Low,Fatal
40.4984295415821,Fog,Truck,Wet,Good,Afternoon,Medium,Major
49.31477302610133,Rain,Motorcycle,Dry,Moderate,Afternoon,Low,Minor
109.63358185211197,Fog,Car,Dry,Moderate,Night,Low,Fatal
21.300192351073605,Rain,Motorcycle,Wet,Poor,Evening,Medium,Major
28.550853085446807,Rain,Car,Icy,Moderate,Afternoon,Medium,Major
40.78862551460273,Rain,Truck,Damaged,Moderate,Evening,Low,Minor
22.65322038738197,Rain,Motorcycle,Dry,Poor,Night,High,Major
38.14354350897973,Clear,Bus,Damaged,Poor,Evening,Low,Minor
78.30415609696922,Rain,Car,Icy,Good,Night,Medium,Major
62.1424550592498,Snow,Motorcycle,Icy,Poor,Morning,Medium,Major
109.26717110769748,Fog,Bus,Damaged,Good,Evening,High,Fatal
101.7443561738441,Snow,Motorcycle,Icy,Poor,Evening,Low,Fatal
54.1817351697876,Clear,Motorcycle,Dry,Poor,Morning,Low,Minor
45.94234334312925,Snow,Motorcycle,Damaged,Good,Evening,Low,Minor
57.96924081672669,Fog,Car,Icy,Poor,Morning,Medium,Major
79.02949425148077,Snow,Bus,Damaged,Good,Afternoon,Low,Minor
46.80636408228763,Clear,Truck,Dry,Poor,Night,High,Major
82.41489078491341,Rain,Car,Icy,Moderate,Morning,Medium,Fatal
60.941165219124045,Snow,Car,Dry,Poor,Evening,Medium,Major
75.20471808519802,Clear,Car,Icy,Good,Morning,Low,Minor
63.61265291353167,Clear,Truck,Wet,Poor,Evening,High,Major
49.44657595419177,Fog,Bus,Icy,Good,Afternoon,Medium,Major
114.84533069621567,Fog,Bus,Damaged,Good,Morning,Medium,Major
96.36057941597608,Snow,Bus,Icy,Moderate,Afternoon,Low,Fatal
34.011317576645254,Rain,Motorcycle,Dry,Moderate,Night,Low,Major
106.84679758979128,Clear,Motorcycle,Dry,Good,Evening,High,Major
68.74311982495136,Snow,Motorcycle,Icy,Poor,Evening,Low,Major
109.45522268940914,Clear,Truck,Damaged,Good,Afternoon,High,Major
99.98552559473153,Clear,Motorcycle,Wet,Good,Night,Medium,Major
62.52135044692334,Rain,Truck,Damaged,Poor,Morning,High,Major
22.24693083201174,Rain,Bus,Wet,Poor,Morning,High,Fatal
46.867735938494604,Snow,Motorcycle,Dry,Poor,Evening,High,Major
74.16342146608669,Rain,Motorcycle,Damaged,Poor,Afternoon,Medium,Major
83.34782198261473,Rain,Car,Wet,Good,Afternoon,Low,Fatal
45.78876854332023,Snow,Truck,Icy,Good,Morning,Medium,Major
33.93560740728241,Rain,Bus,Dry,Moderate,Night,Low,Major
103.4930236799299,Fog,Car,Icy,Good,Night,High,Fatal
118.44021807035521,Clear,Car,Dry,Poor,Morning,High,Major
72.56901823026858,Clear,Bus,Damaged,Moderate,Morning,High,Minor
37.16792858483035,Clear,Car,Damaged,Poor,Afternoon,High,Minor
47.2307326519369,Clear,Truck,Dry,Good,Night,High,Minor
21.839067654746675,Snow,Truck,Dry,Moderate,Morning,Low,Minor
111.4298806560499,Clear,Motorcycle,Dry,Poor,Morning,Low,Major
31.775108289014113,Clear,Car,Damaged,Moderate,Evening,High,Minor
77.65164755142536,Clear,Motorcycle,Wet,Moderate,Morning,Medium,Minor
47.4055220687206,Clear,Car,Icy,Good,Morning,Medium,Minor
75.41780025157934,Fog,Truck,Icy,Poor,Night,High,Fatal
85.14203883518643,Clear,Truck,Damaged,Moderate,Afternoon,Low,Major
102.97418037072016,Fog,Truck,Icy,Moderate,Night,Medium,Fatal
40.64212717606032,Snow,Car,Dry,Poor,Afternoon,Medium,Major
21.09958286584805,Rain,Truck,Wet,Moderate,Evening,Medium,Major
33.68856300688073,Clear,Car,Icy,Moderate,Morning,High,Minor
110.00186418481051,Rain,Motorcycle,Wet,Moderate,Evening,Medium,Fatal
107.38900775625153,Rain,Car,Dry,Poor,Afternoon,Medium,Fatal
79.74131021703083,Snow,Motorcycle,Icy,Poor,Night,Medium,Fatal
80.05168604336534,Rain,Car,Damaged,Poor,Night,Medium,Fatal
86.50366745462554,Fog,Motorcycle,Wet,Poor,Evening,Low,Fatal
37.53712786234496,Rain,Truck,Dry,Good,Afternoon,High,Major
111.44119459249598,Rain,Motorcycle,Wet,Moderate,Evening,High,Fatal
61.87705248920731,Rain,Truck,Icy,Poor,Evening,Low,Major
58.31385282494975,Clear,Truck,Icy,Moderate,Morning,Low,Minor
71.89177052828376,Clear,Motorcycle,Damaged,Moderate,Evening,High,Minor
24.696596677505504,Fog,Car,Dry,Good,Morning,Medium,Minor
36.62833687560794,Fog,Car,Dry,Poor,Morning,Medium,Major
93.80336164263704,Clear,Bus,Damaged,Poor,Night,High,Fatal
28.279866792512646,Fog,Car,Damaged,Moderate,Morning,Medium,Minor
80.31521094663881,Clear,Bus,Dry,Poor,Morning,Low,Major
44.534910968132095,Snow,Car,Wet,Moderate,Night,Medium,Major
58.929561404197656,Rain,Car,Wet,Moderate,Evening,Medium,Major
48.86937367706999,Rain,Truck,Damaged,Good,Afternoon,Medium,Minor
55.567271646494916,Fog,Bus,Wet,Good,Afternoon,High,Major
91.90459051842456,Clear,Car,Dry,Good,Afternoon,Low,Major
49.7121715623175,Clear,Bus,Icy,Moderate,Evening,Medium,Minor
76.64046402968972,Fog,Truck,Icy,Poor,Morning,High,Fatal
67.60504021990997,Clear,Truck,Wet,Good,Afternoon,Medium,Minor
86.36711653626482,Snow,Bus,Damaged,Poor,Evening,Low,Fatal
113.6829739324758,Rain,Truck,Damaged,Good,Morning,Medium,Major
93.25720972102503,Fog,Motorcycle,Damaged,Good,Night,Low,Fatal
41.494037859075675,Fog,Motorcycle,Damaged,Moderate,Afternoon,Medium,Minor
23.118313506128466,Clear,Truck,Damaged,Good,Morning,Low,Minor
46.22640442998251,Fog,Motorcycle,Wet,Good,Afternoon,Medium,Major
79.50779307002549,Snow,Car,Icy,Moderate,Afternoon,Low,Major
25.142581348425033,Clear,Bus,Icy,Poor,Afternoon,Medium,Major
69.63662472012363,Clear,Car,Wet,Good,Morning,Medium,Minor
79.68428489168892,Clear,Bus,Damaged,Moderate,Evening,High,Minor
53.424389081696084,Clear,Truck,Wet,Good,Morning,High,Minor
97.09122037458219,Snow,Car,Icy,Moderate,Afternoon,Low,Fatal
30.65982531337718,Clear,Truck,Dry,Poor,Morning,Medium,Minor
27.513778173580874,Fog,Truck,Wet,Poor,Night,Low,Fatal
92.81887562036033,Snow,Bus,Damaged,Moderate,Evening,High,Fatal
69.54913162061985,Rain,Bus,Icy,Moderate,Morning,Low,Major
88.84023964277361,Rain,Bus,Icy,Moderate,Night,Low,Fatal
63.48273386037462,Fog,Car,Icy,Poor,Evening,High,Fatal
44.64020332391068,Fog,Motorcycle,Icy,Good,Night,Medium,Major
101.91023176741997,Snow,Bus,Damaged,Poor,Evening,Low,Fatal
99.94158789689793,Rain,Bus,Dry,Moderate,Morning,High,Fatal
89.46964708544267,Rain,Car,Icy,Moderate,Night,Medium,Fatal
47.21451372299627,Rain,Bus,Wet,Poor,Afternoon,High,Fatal
79.0230666869087,Rain,Car,Dry,Moderate,Night,Low,Major
56.09738969400268,Rain,Truck,Icy,Poor,Evening,Medium,Major
29.158207332663416,Clear,Bus,Dry,Moderate,Morning,Medium,Minor
111.73135754622427,Fog,Bus,Wet,Good,Evening,High,Fatal
33.68186309189614,Clear,Truck,Icy,Good,Night,High,Major
115.02373538208025,Rain,Truck,Wet,Moderate,Night,High,Fatal
64.60057729579557,Snow,Truck,Damaged,Poor,Afternoon,Medium,Major
